team,year,name,id
atlanta-hawks,2018,Kent Bazemore,11079
atlanta-hawks,2018,Miles Plumlee,10851
atlanta-hawks,2018,Dewayne Dedmon,13536
atlanta-hawks,2018,Trae Young,26971
atlanta-hawks,2018,Alex Len,13318
atlanta-hawks,2018,Taurean Prince,20217
atlanta-hawks,2018,Justin Anderson,17849
atlanta-hawks,2018,John Collins,23614
atlanta-hawks,2018,Kevin Huerter,26985
atlanta-hawks,2018,DeAndre' Bembry,20226
atlanta-hawks,2018,Omari Spellman,26996
atlanta-hawks,2018,Vince Carter,2590
atlanta-hawks,2018,Jaylen Adams,27343
atlanta-hawks,2018,Isaac Humphries,28091
atlanta-hawks,2018,Deyonta Davis,20237
boston-celtics,2018,Gordon Hayward,6891
boston-celtics,2018,Al Horford,2199
boston-celtics,2018,Kyrie Irving,8051
boston-celtics,2018,Marcus Smart,15358
boston-celtics,2018,Jayson Tatum,23598
boston-celtics,2018,Marcus Morris Sr.,8065
boston-celtics,2018,Aron Baynes,11850
boston-celtics,2018,Jaylen Brown,20208
boston-celtics,2018,Terry Rozier,17844
boston-celtics,2018,Guerschon Yabusele,20221
boston-celtics,2018,Robert Williams,26993
boston-celtics,2018,Semi Ojeleye,23632
boston-celtics,2018,Daniel Theis,23828
boston-celtics,2018,Brad Wanamaker,27289
boston-celtics,2018,Jonathan Gibson,20788
brooklyn-nets,2018,Allen Crabbe,13344
brooklyn-nets,2018,DeMarre Carroll,6294
brooklyn-nets,2018,Jared Dudley,2228
brooklyn-nets,2018,Joe Harris,15385
brooklyn-nets,2018,D'Angelo Russell,17830
brooklyn-nets,2018,Ed Davis,6895
brooklyn-nets,2018,Rondae Hollis-Jefferson,17851
brooklyn-nets,2018,Jarrett Allen,23617
brooklyn-nets,2018,Shabazz Napier,15376
brooklyn-nets,2018,Caris LeVert,20225
brooklyn-nets,2018,Spencer Dinwiddie,15390
brooklyn-nets,2018,Dzanan Musa,26995
brooklyn-nets,2018,Rodions Kurucs,27006
brooklyn-nets,2018,Treveon Graham,18124
brooklyn-nets,2018,Theo Pinson,27827
charlotte-hornets,2018,Nicolas Batum,6149
charlotte-hornets,2018,Bismack Biyombo,8057
charlotte-hornets,2018,Marvin Williams,2208
charlotte-hornets,2018,Cody Zeller,13317
charlotte-hornets,2018,Michael Kidd-Gilchrist,10810
charlotte-hornets,2018,Kemba Walker,8059
charlotte-hornets,2018,Jeremy Lamb,10820
charlotte-hornets,2018,Tony Parker,2710
charlotte-hornets,2018,Frank Kaminsky,17837
charlotte-hornets,2018,Malik Monk,23606
charlotte-hornets,2018,Miles Bridges,26978
charlotte-hornets,2018,Willy Hernangomez,17863
charlotte-hornets,2018,Shelvin Mack,8086
charlotte-hornets,2018,Dwayne Bacon,23640
charlotte-hornets,2018,Devonte' Graham,27000
chicago-bulls,2018,Otto Porter Jr.,13316
chicago-bulls,2018,Zach LaVine,15365
chicago-bulls,2018,Robin Lopez,6147
chicago-bulls,2018,Cristiano Felicio,17990
chicago-bulls,2018,Lauri Markkanen,23602
chicago-bulls,2018,Wendell Carter Jr.,26973
chicago-bulls,2018,Kris Dunn,20210
chicago-bulls,2018,Denzel Valentine,20219
chicago-bulls,2018,Chandler Hutchison,26988
chicago-bulls,2018,Timothe Luwawu-Cabarrot,20229
chicago-bulls,2018,Wayne Selden,20921
chicago-bulls,2018,Ryan Arcidiacono,20275
chicago-bulls,2018,Antonio Blakeney,24223
chicago-bulls,2018,Shaquille Harrison,21066
chicago-bulls,2018,Walter Lemon Jr.,24982
cleveland-cavaliers,2018,Kevin Love,6132
cleveland-cavaliers,2018,Tristan Thompson,8054
cleveland-cavaliers,2018,J.R. Smith,2296
cleveland-cavaliers,2018,Brandon Knight,8058
cleveland-cavaliers,2018,Jordan Clarkson,15398
cleveland-cavaliers,2018,John Henson,10822
cleveland-cavaliers,2018,Matthew Dellavedova,13478
cleveland-cavaliers,2018,Collin Sexton,26974
cleveland-cavaliers,2018,Marquese Chriss,20213
cleveland-cavaliers,2018,Cedi Osman,17859
cleveland-cavaliers,2018,Larry Nance Jr.,17855
cleveland-cavaliers,2018,Ante Zizic,20228
cleveland-cavaliers,2018,Channing Frye,2674
cleveland-cavaliers,2018,David Nwaba,21577
cleveland-cavaliers,2018,Nik Stauskas,15360
dallas-mavericks,2018,Tim Hardaway Jr.,13337
dallas-mavericks,2018,Courtney Lee,6144
dallas-mavericks,2018,Dwight Powell,15397
dallas-mavericks,2018,Luka Doncic,26969
dallas-mavericks,2018,Kristaps Porzingis,17832
dallas-mavericks,2018,Dirk Nowitzki,2279
dallas-mavericks,2018,Jose Barea,2269
dallas-mavericks,2018,Justin Jackson,23610
dallas-mavericks,2018,Trey Burke,13322
dallas-mavericks,2018,Dorian Finney-Smith,20757
dallas-mavericks,2018,Devin Harris,2592
dallas-mavericks,2018,Maxi Kleber,24212
dallas-mavericks,2018,Jalen Brunson,26999
dallas-mavericks,2018,Ryan Broekhoff,27626
dallas-mavericks,2018,Salah Mejri,18067
denver-nuggets,2018,Paul Millsap,2754
denver-nuggets,2018,Nikola Jokic,15393
denver-nuggets,2018,Gary Harris,15371
denver-nuggets,2018,Mason Plumlee,13335
denver-nuggets,2018,Will Barton,10865
denver-nuggets,2018,Jamal Murray,20212
denver-nuggets,2018,Trey Lyles,17840
denver-nuggets,2018,Michael Porter Jr.,26980
denver-nuggets,2018,Juan Hernangomez,20220
denver-nuggets,2018,Torrey Craig,24230
denver-nuggets,2018,Tyler Lydon,23619
denver-nuggets,2018,Malik Beasley,20224
denver-nuggets,2018,Isaiah Thomas,8111
denver-nuggets,2018,Monte Morris,23652
denver-nuggets,2018,Jarred Vanderbilt,27007
detroit-pistons,2018,Blake Griffin,6501
detroit-pistons,2018,Andre Drummond,10817
detroit-pistons,2018,Reggie Jackson,8075
detroit-pistons,2018,Jon Leuer,8092
detroit-pistons,2018,Langston Galloway,15824
detroit-pistons,2018,Ishmael Smith,7116
detroit-pistons,2018,Glenn Robinson III,15392
detroit-pistons,2018,Luke Kennard,23607
detroit-pistons,2018,Thon Maker,20215
detroit-pistons,2018,Wayne Ellington,6302
detroit-pistons,2018,Jose Calderon,2734
detroit-pistons,2018,Zaza Pachulia,2203
detroit-pistons,2018,Sviatoslav Mykhailiuk,27013
detroit-pistons,2018,Bruce Brown,27008
detroit-pistons,2018,Khyri Thomas,27004
golden-state-warriors,2018,Stephen Curry,6287
golden-state-warriors,2018,Kevin Durant,2717
golden-state-warriors,2018,Klay Thompson,8062
golden-state-warriors,2018,Draymond Green,10860
golden-state-warriors,2018,Andre Iguodala,2652
golden-state-warriors,2018,Shaun Livingston,2477
golden-state-warriors,2018,DeMarcus Cousins,6886
golden-state-warriors,2018,Jacob Evans,26994
golden-state-warriors,2018,Quinn Cook,18264
golden-state-warriors,2018,Damian Jones,20235
golden-state-warriors,2018,Jonas Jerebko,6285
golden-state-warriors,2018,Kevon Looney,17858
golden-state-warriors,2018,Jordan Bell,23633
golden-state-warriors,2018,Alfonzo McKinnie,24106
golden-state-warriors,2018,Andrew Bogut,2560
houston-rockets,2018,Chris Paul,2609
houston-rockets,2018,James Harden,6312
houston-rockets,2018,Clint Capela,15377
houston-rockets,2018,Eric Gordon,6116
houston-rockets,2018,Iman Shumpert,8068
houston-rockets,2018,P.J. Tucker,11059
houston-rockets,2018,Nene Hilario,6103
houston-rockets,2018,Gerald Green,6100
houston-rockets,2018,Austin Rivers,10818
houston-rockets,2018,Isaiah Hartenstein,23644
houston-rockets,2018,Kenneth Faried,8073
houston-rockets,2018,Gary Clark,27627
houston-rockets,2018,Danuel House,20800
houston-rockets,2018,Chris Chiozza,28033
houston-rockets,2018,Michael Frazier,18144
indiana-pacers,2018,Victor Oladipo,13315
indiana-pacers,2018,Thaddeus Young,2658
indiana-pacers,2018,Tyreke Evans,6326
indiana-pacers,2018,Bojan Bogdanovic,8083
indiana-pacers,2018,Darren Collison,6307
indiana-pacers,2018,Cory Joseph,8080
indiana-pacers,2018,Doug McDermott,15363
indiana-pacers,2018,Kyle O'Quinn,10874
indiana-pacers,2018,Myles Turner,17839
indiana-pacers,2018,Domantas Sabonis,20216
indiana-pacers,2018,TJ Leaf,23613
indiana-pacers,2018,Aaron Holiday,26989
indiana-pacers,2018,Alize Johnson,27016
indiana-pacers,2018,Wesley Matthews,6489
indiana-pacers,2018,Edmond Sumner,23653
los-angeles-clippers,2018,Danilo Gallinari,6138
los-angeles-clippers,2018,Wilson Chandler,2616
los-angeles-clippers,2018,Garrett Temple,6492
los-angeles-clippers,2018,Louis Williams,2657
los-angeles-clippers,2018,JaMychal Green,11666
los-angeles-clippers,2018,Montrezl Harrell,17860
los-angeles-clippers,2018,Patrick Beverley,6297
los-angeles-clippers,2018,Shai Gilgeous-Alexander,26977
los-angeles-clippers,2018,Jerome Robinson,26979
los-angeles-clippers,2018,Landry Shamet,26992
los-angeles-clippers,2018,Rodney McGruder,13575
los-angeles-clippers,2018,Ivica Zubac,20238
los-angeles-clippers,2018,Sindarius Thornwell,23649
los-angeles-clippers,2018,Tyrone Wallace,20266
los-angeles-clippers,2018,Angel Delgado,27637
los-angeles-lakers,2018,LeBron James,2257
los-angeles-lakers,2018,Kentavious Caldwell-Pope,13321
los-angeles-lakers,2018,Rajon Rondo,2222
los-angeles-lakers,2018,Lonzo Ball,23597
los-angeles-lakers,2018,Brandon Ingram,20207
los-angeles-lakers,2018,Mike Muscala,13357
los-angeles-lakers,2018,Lance Stephenson,6922
los-angeles-lakers,2018,Reggie Bullock,13338
los-angeles-lakers,2018,Moritz Wagner,26991
los-angeles-lakers,2018,Kyle Kuzma,23622
los-angeles-lakers,2018,Josh Hart,23625
los-angeles-lakers,2018,JaVale McGee,6159
los-angeles-lakers,2018,Tyson Chandler,2605
los-angeles-lakers,2018,Isaac Bonga,27005
los-angeles-lakers,2018,Jermerrio Jones,28921
memphis-grizzlies,2018,Mike Conley,2532
memphis-grizzlies,2018,Chandler Parsons,8090
memphis-grizzlies,2018,Jonas Valanciunas,8055
memphis-grizzlies,2018,Avery Bradley,6901
memphis-grizzlies,2018,Kyle Anderson,15382
memphis-grizzlies,2018,C.J. Miles,2753
memphis-grizzlies,2018,Jaren Jackson Jr.,26970
memphis-grizzlies,2018,Justin Holiday,11441
memphis-grizzlies,2018,Delon Wright,17848
memphis-grizzlies,2018,Dillon Brooks,23646
memphis-grizzlies,2018,Tyler Dorsey,23642
memphis-grizzlies,2018,Ivan Rabb,23630
memphis-grizzlies,2018,Joakim Noah,2248
memphis-grizzlies,2018,Jevon Carter,26998
memphis-grizzlies,2018,Bruno Caboclo,15372
miami-heat,2018,Hassan Whiteside,6915
miami-heat,2018,Ryan Anderson,6133
miami-heat,2018,Goran Dragic,6146
miami-heat,2018,James Johnson,6279
miami-heat,2018,Kelly Olynyk,13326
miami-heat,2018,Dion Waiters,10812
miami-heat,2018,Josh Richardson,17868
miami-heat,2018,Justise Winslow,17838
miami-heat,2018,Edrice Adebayo,23609
miami-heat,2018,Udonis Haslem,2549
miami-heat,2018,Dwyane Wade,2556
miami-heat,2018,Derrick Jones Jr.,21067
miami-heat,2018,Yante Maten,27815
miami-heat,2018,Duncan Robinson,27658
miami-heat,2018,Kendrick Nunn,28041
milwaukee-bucks,2018,Giannis Antetokounmpo,13328
milwaukee-bucks,2018,George Hill,6154
milwaukee-bucks,2018,Eric Bledsoe,6900
milwaukee-bucks,2018,Khris Middleton,10864
milwaukee-bucks,2018,Nikola Mirotic,8074
milwaukee-bucks,2018,Tony Snell,13333
milwaukee-bucks,2018,Ersan Ilyasova,6341
milwaukee-bucks,2018,Brook Lopez,6136
milwaukee-bucks,2018,DJ Wilson,23612
milwaukee-bucks,2018,Donte DiVincenzo,26983
milwaukee-bucks,2018,Pat Connaughton,17869
milwaukee-bucks,2018,Malcolm Brogdon,20242
milwaukee-bucks,2018,Sterling Brown,23647
milwaukee-bucks,2018,Pau Gasol,2518
milwaukee-bucks,2018,Tim Frazier,15755
minnesota-timberwolves,2018,Andrew Wiggins,15353
minnesota-timberwolves,2018,Jeff Teague,6272
minnesota-timberwolves,2018,Gorgui Dieng,13334
minnesota-timberwolves,2018,Taj Gibson,6278
minnesota-timberwolves,2018,Robert Covington,13379
minnesota-timberwolves,2018,Jerryd Bayless,6150
minnesota-timberwolves,2018,Karl-Anthony Towns,17829
minnesota-timberwolves,2018,Anthony Tolliver,6483
minnesota-timberwolves,2018,Dario Saric,15364
minnesota-timberwolves,2018,Tyus Jones,17852
minnesota-timberwolves,2018,Josh Okogie,26986
minnesota-timberwolves,2018,Luol Deng,2240
minnesota-timberwolves,2018,Derrick Rose,6095
minnesota-timberwolves,2018,Keita Bates-Diop,27014
minnesota-timberwolves,2018,Cam Reynolds,28061
new-orleans-pelicans,2018,Jrue Holiday,6316
new-orleans-pelicans,2018,Anthony Davis,10809
new-orleans-pelicans,2018,Solomon Hill,13336
new-orleans-pelicans,2018,E'Twaun Moore,8107
new-orleans-pelicans,2018,Julius Randle,15359
new-orleans-pelicans,2018,Stanley Johnson,17836
new-orleans-pelicans,2018,Elfrid Payton,15362
new-orleans-pelicans,2018,Darius Miller,10871
new-orleans-pelicans,2018,Jahlil Okafor,17831
new-orleans-pelicans,2018,Cheick Diallo,20239
new-orleans-pelicans,2018,Ian Clark,13442
new-orleans-pelicans,2018,Christian Wood,18218
new-orleans-pelicans,2018,Frank Jackson,23626
new-orleans-pelicans,2018,Kenrich Williams,27758
new-orleans-pelicans,2018,Dairis Bertans,28725
new-york-knicks,2018,DeAndre Jordan,6117
new-york-knicks,2018,Lance Thomas,8713
new-york-knicks,2018,Mario Hezonja,17833
new-york-knicks,2018,Emmanuel Mudiay,17835
new-york-knicks,2018,Frank Ntilikina,23603
new-york-knicks,2018,Dennis Smith Jr.,23604
new-york-knicks,2018,Kevin Knox,26975
new-york-knicks,2018,Allonzo Trier,27606
new-york-knicks,2018,Luke Kornet,23670
new-york-knicks,2018,Noah Vonleh,15361
new-york-knicks,2018,Mitchell Robinson,27002
new-york-knicks,2018,Damyean Dotson,23645
new-york-knicks,2018,John Jenkins,10848
new-york-knicks,2018,Henry Ellenson,20223
new-york-knicks,2018,Billy Garrett,28088
oklahoma-city-thunder,2018,Russell Westbrook,6141
oklahoma-city-thunder,2018,Paul George,6892
oklahoma-city-thunder,2018,Steven Adams,13325
oklahoma-city-thunder,2018,Dennis SchrÃ¶der,13330
oklahoma-city-thunder,2018,Andre Roberson,13339
oklahoma-city-thunder,2018,Jerami Grant,15391
oklahoma-city-thunder,2018,Patrick Patterson,6896
oklahoma-city-thunder,2018,Terrance Ferguson,23616
oklahoma-city-thunder,2018,Nerlens Noel,13319
oklahoma-city-thunder,2018,Raymond Felton,2229
oklahoma-city-thunder,2018,Abdel Nader,20264
oklahoma-city-thunder,2018,Hamidou Diallo,27011
oklahoma-city-thunder,2018,Markieff Morris,8064
oklahoma-city-thunder,2018,Deonte Burton,28767
oklahoma-city-thunder,2018,Jawun Evans,23634
orlando-magic,2018,Aaron Gordon,15356
orlando-magic,2018,Evan Fournier,10845
orlando-magic,2018,Timofey Mozgov,7118
orlando-magic,2018,Nikola Vucevic,8067
orlando-magic,2018,Terrence Ross,10816
orlando-magic,2018,Markelle Fultz,23596
orlando-magic,2018,D.J. Augustin,6088
orlando-magic,2018,Jonathan Isaac,23601
orlando-magic,2018,Mohamed Bamba,26972
orlando-magic,2018,Jerian Grant,17847
orlando-magic,2018,Jarell Martin,17853
orlando-magic,2018,Khem Birch,15786
orlando-magic,2018,Wesley Iwundu,23628
orlando-magic,2018,Melvin Frazier,27001
orlando-magic,2018,Michael Carter-Williams,13324
philadelphia-76ers,2018,Joel Embiid,15355
philadelphia-76ers,2018,Jimmy Butler,8081
philadelphia-76ers,2018,Tobias Harris,8070
philadelphia-76ers,2018,J.J. Redick,2643
philadelphia-76ers,2018,Boban Marjanovic,17984
philadelphia-76ers,2018,Ben Simmons,20206
philadelphia-76ers,2018,Jonathon Simmons,17983
philadelphia-76ers,2018,Mike Scott,10868
philadelphia-76ers,2018,Zhaire Smith,26982
philadelphia-76ers,2018,Furkan Korkmaz,20231
philadelphia-76ers,2018,Jonah Bolden,23631
philadelphia-76ers,2018,James Ennis III,13363
philadelphia-76ers,2018,T.J. McConnell,18252
philadelphia-76ers,2018,Amir Johnson,2304
philadelphia-76ers,2018,Greg Monroe,6889
phoenix-suns,2018,Tyler Johnson,15645
phoenix-suns,2018,T.J. Warren,15366
phoenix-suns,2018,Deandre Ayton,26967
phoenix-suns,2018,Josh Jackson,23599
phoenix-suns,2018,Dragan Bender,20209
phoenix-suns,2018,Mikal Bridges,26976
phoenix-suns,2018,Devin Booker,17841
phoenix-suns,2018,Troy Daniels,13383
phoenix-suns,2018,Kelly Oubre Jr.,17843
phoenix-suns,2018,Richaun Holmes,17865
phoenix-suns,2018,Jamal Crawford,2618
phoenix-suns,2018,Ã‰lie Okobo,27012
phoenix-suns,2018,De'Anthony Melton,27012
phoenix-suns,2018,Ray Spalding,27022
phoenix-suns,2018,Jimmer Fredette,8061
portland-trail-blazers,2018,Damian Lillard,10814
portland-trail-blazers,2018,C.J. McCollum,13323
portland-trail-blazers,2018,Evan Turner,6883
portland-trail-blazers,2018,Jusuf Nurkic,15368
portland-trail-blazers,2018,Meyers Leonard,10819
portland-trail-blazers,2018,Maurice Harkless,10823
portland-trail-blazers,2018,Al-Farouq Aminu,6890
portland-trail-blazers,2018,Zach Collins,23605
portland-trail-blazers,2018,Rodney Hood,15375
portland-trail-blazers,2018,Seth Curry,13512
portland-trail-blazers,2018,Anfernee Simons,26990
portland-trail-blazers,2018,Skal Labissiere,20233
portland-trail-blazers,2018,Jake Layman,20253
portland-trail-blazers,2018,Gary Trent Jr.,27003
portland-trail-blazers,2018,Enes Kanter,8053
sacramento-kings,2018,Harrison Barnes,10815
sacramento-kings,2018,Alec Burks,8063
sacramento-kings,2018,Bogdan Bogdanovic,15379
sacramento-kings,2018,Kosta Koufos,6254
sacramento-kings,2018,Marvin Bagley III,26968
sacramento-kings,2018,Nemanja Bjelica,6917
sacramento-kings,2018,De'Aaron Fox,23600
sacramento-kings,2018,Willie Cauley-Stein,17834
sacramento-kings,2018,Buddy Hield,20211
sacramento-kings,2018,Yogi Ferrell,20283
sacramento-kings,2018,Harry Giles,23615
sacramento-kings,2018,Corey Brewer,2573
sacramento-kings,2018,Caleb Swanigan,23621
sacramento-kings,2018,Frank Mason III,23629
sacramento-kings,2018,B.J. Johnson,28026
san-antonio-spurs,2018,DeMar DeRozan,6327
san-antonio-spurs,2018,LaMarcus Aldridge,2672
san-antonio-spurs,2018,Patrick Mills,6322
san-antonio-spurs,2018,Rudy Gay,2534
san-antonio-spurs,2018,Davis Bertans,8094
san-antonio-spurs,2018,Marco Belinelli,2314
san-antonio-spurs,2018,Bryn Forbes,20796
san-antonio-spurs,2018,Jakob Poeltl,20214
san-antonio-spurs,2018,Dante Cunningham,6321
san-antonio-spurs,2018,Lonnie Walker IV,26984
san-antonio-spurs,2018,Derrick White,23624
san-antonio-spurs,2018,Dejounte Murray,20234
san-antonio-spurs,2018,Quincy Pondexter,6908
san-antonio-spurs,2018,Chimezie Metu,27015
san-antonio-spurs,2018,Donatas Motiejunas,8071
toronto-raptors,2018,Kyle Lowry,2536
toronto-raptors,2018,Marc Gasol,6122
toronto-raptors,2018,Kawhi Leonard,8066
toronto-raptors,2018,Serge Ibaka,6313
toronto-raptors,2018,Danny Green,6277
toronto-raptors,2018,Norman Powell,17874
toronto-raptors,2018,Fred VanVleet,20778
toronto-raptors,2018,OG Anunoby,23618
toronto-raptors,2018,Pascal Siakam,20232
toronto-raptors,2018,Patrick McCaw,20244
toronto-raptors,2018,Jeremy Lin,7115
toronto-raptors,2018,Chris Boucher,23671
toronto-raptors,2018,Malcolm Miller,18099
toronto-raptors,2018,Jodie Meeks,6300
toronto-raptors,2018,Eric Moreland,15622
utah-jazz,2018,Rudy Gobert,13340
utah-jazz,2018,Derrick Favors,6884
utah-jazz,2018,Ricky Rubio,6305
utah-jazz,2018,Joe Ingles,15852
utah-jazz,2018,Dante Exum,15357
utah-jazz,2018,Kyle Korver,2752
utah-jazz,2018,Jae Crowder,10859
utah-jazz,2018,Thabo Sefolosha,2250
utah-jazz,2018,Ekpe Udoh,8222
utah-jazz,2018,Donovan Mitchell,23608
utah-jazz,2018,Raul Neto,13360
utah-jazz,2018,Grayson Allen,26987
utah-jazz,2018,Tony Bradley,23623
utah-jazz,2018,Georges Niang,20256
utah-jazz,2018,Royce O'Neale,24240
washington-wizards,2018,Bradley Beal,10811
washington-wizards,2018,Jabari Parker,15354
washington-wizards,2018,John Wall,6882
washington-wizards,2018,Ian Mahinmi,2708
washington-wizards,2018,Trevor Ariza,2513
washington-wizards,2018,Dwight Howard,2640
washington-wizards,2018,Tomas Satoransky,10857
washington-wizards,2018,Sam Dekker,17846
washington-wizards,2018,Troy Brown Jr.,26981
washington-wizards,2018,Bobby Portis,17850
washington-wizards,2018,Jeff Green,2720
washington-wizards,2018,Thomas Bryant,23643
washington-wizards,2018,Chasson Randle,20940
washington-wizards,2018,Jordan McRae,15410
washington-wizards,2018,Tarik Phillip,28990
atlanta-hawks,2019,Jeff Teague,6272
atlanta-hawks,2019,Clint Capela,15377
atlanta-hawks,2019,Dewayne Dedmon,13536
atlanta-hawks,2019,De'Andre Hunter,31561
atlanta-hawks,2019,Trae Young,26971
atlanta-hawks,2019,Cam Reddish,31567
atlanta-hawks,2019,John Collins,23614
atlanta-hawks,2019,Kevin Huerter,26985
atlanta-hawks,2019,DeAndre' Bembry,20226
atlanta-hawks,2019,Skal Labissiere,20233
atlanta-hawks,2019,Damian Jones,20235
atlanta-hawks,2019,Treveon Graham,18124
atlanta-hawks,2019,Vince Carter,2590
atlanta-hawks,2019,Bruno Fernando,31593
atlanta-hawks,2019,Brandon Goodwin,28020
boston-celtics,2019,Kemba Walker,8059
boston-celtics,2019,Gordon Hayward,6891
boston-celtics,2019,Marcus Smart,15358
boston-celtics,2019,Jayson Tatum,23598
boston-celtics,2019,Jaylen Brown,20208
boston-celtics,2019,Daniel Theis,23828
boston-celtics,2019,Enes Kanter,8053
boston-celtics,2019,Romeo Langford,31571
boston-celtics,2019,Vincent Poirier,31917
boston-celtics,2019,Grant Williams,31579
boston-celtics,2019,Robert Williams,26993
boston-celtics,2019,Semi Ojeleye,23632
boston-celtics,2019,Brad Wanamaker,27289
boston-celtics,2019,Carsen Edwards,31592
boston-celtics,2019,Javonte Green,32409
brooklyn-nets,2019,Kevin Durant,2717
brooklyn-nets,2019,Kyrie Irving,8051
brooklyn-nets,2019,Joe Harris,15385
brooklyn-nets,2019,Garrett Temple,6492
brooklyn-nets,2019,Caris LeVert,20225
brooklyn-nets,2019,Jarrett Allen,23617
brooklyn-nets,2019,Landry Shamet,26992
brooklyn-nets,2019,Dzanan Musa,26995
brooklyn-nets,2019,Rodions Kurucs,27006
brooklyn-nets,2019,Nicolas Claxton,31590
brooklyn-nets,2019,Timothe Luwawu-Cabarrot,20229
brooklyn-nets,2019,Tyler Johnson,15645
brooklyn-nets,2019,Donta Hall,32450
brooklyn-nets,2019,Jamal Crawford,2618
brooklyn-nets,2019,Lance Thomas,8713
charlotte-hornets,2019,Nicolas Batum,6149
charlotte-hornets,2019,Terry Rozier,17844
charlotte-hornets,2019,Bismack Biyombo,8057
charlotte-hornets,2019,Cody Zeller,13317
charlotte-hornets,2019,Malik Monk,23606
charlotte-hornets,2019,PJ Washington,31569
charlotte-hornets,2019,Miles Bridges,26978
charlotte-hornets,2019,Willy Hernangomez,17863
charlotte-hornets,2019,Dwayne Bacon,23640
charlotte-hornets,2019,Devonte' Graham,27000
charlotte-hornets,2019,Cody Martin,31595
charlotte-hornets,2019,Caleb Martin,32682
charlotte-hornets,2019,Jalen McDaniels,31611
charlotte-hornets,2019,Joe Chealey,27776
charlotte-hornets,2019,Kobi Simmons,23674
chicago-bulls,2019,Otto Porter Jr.,13316
chicago-bulls,2019,Zach LaVine,15365
chicago-bulls,2019,Thaddeus Young,2658
chicago-bulls,2019,Tomas Satoransky,10857
chicago-bulls,2019,Cristiano Felicio,17990
chicago-bulls,2019,Kris Dunn,20210
chicago-bulls,2019,Coby White,31564
chicago-bulls,2019,Lauri Markkanen,23602
chicago-bulls,2019,Wendell Carter Jr.,26973
chicago-bulls,2019,Denzel Valentine,20219
chicago-bulls,2019,Ryan Arcidiacono,20275
chicago-bulls,2019,Chandler Hutchison,26988
chicago-bulls,2019,Luke Kornet,23670
chicago-bulls,2019,Daniel Gafford,31597
chicago-bulls,2019,Shaquille Harrison,21066
cleveland-cavaliers,2019,Kevin Love,6132
cleveland-cavaliers,2019,Andre Drummond,10817
cleveland-cavaliers,2019,Tristan Thompson,8054
cleveland-cavaliers,2019,Larry Nance Jr.,17855
cleveland-cavaliers,2019,Matthew Dellavedova,13478
cleveland-cavaliers,2019,Dante Exum,15357
cleveland-cavaliers,2019,Darius Garland,31562
cleveland-cavaliers,2019,Collin Sexton,26974
cleveland-cavaliers,2019,Cedi Osman,17859
cleveland-cavaliers,2019,Ante Zizic,20228
cleveland-cavaliers,2019,Dylan Windler,31585
cleveland-cavaliers,2019,Alfonzo McKinnie,24106
cleveland-cavaliers,2019,Kevin Porter Jr.,31589
cleveland-cavaliers,2019,Dean Wade,31963
cleveland-cavaliers,2019,Jordan Bell,23633
dallas-mavericks,2019,Kristaps Porzingis,17832
dallas-mavericks,2019,Tim Hardaway Jr.,13337
dallas-mavericks,2019,Courtney Lee,6144
dallas-mavericks,2019,Dwight Powell,15397
dallas-mavericks,2019,Delon Wright,17848
dallas-mavericks,2019,Maxi Kleber,24212
dallas-mavericks,2019,Luka Doncic,26969
dallas-mavericks,2019,Seth Curry,13512
dallas-mavericks,2019,Dorian Finney-Smith,20757
dallas-mavericks,2019,Boban Marjanovic,17984
dallas-mavericks,2019,Justin Jackson,23610
dallas-mavericks,2019,Jose Barea,2269
dallas-mavericks,2019,Jalen Brunson,26999
dallas-mavericks,2019,Michael Kidd-Gilchrist,10810
dallas-mavericks,2019,Ryan Broekhoff,27626
denver-nuggets,2019,Paul Millsap,2754
denver-nuggets,2019,Nikola Jokic,15393
denver-nuggets,2019,Gary Harris,15371
denver-nuggets,2019,Mason Plumlee,13335
denver-nuggets,2019,Will Barton,10865
denver-nuggets,2019,Jerami Grant,15391
denver-nuggets,2019,Jamal Murray,20212
denver-nuggets,2019,Michael Porter Jr.,26980
denver-nuggets,2019,Torrey Craig,24230
denver-nuggets,2019,Noah Vonleh,15361
denver-nuggets,2019,Monte Morris,23652
denver-nuggets,2019,Keita Bates-Diop,27014
denver-nuggets,2019,Vlatko Cancar,23650
denver-nuggets,2019,P.J. Dozier,23668
denver-nuggets,2019,Bol Bol,31603
detroit-pistons,2019,Blake Griffin,6501
detroit-pistons,2019,Brandon Knight,8058
detroit-pistons,2019,Tony Snell,13333
detroit-pistons,2019,John Henson,10822
detroit-pistons,2019,Langston Galloway,15824
detroit-pistons,2019,Derrick Rose,6095
detroit-pistons,2019,Luke Kennard,23607
detroit-pistons,2019,Thon Maker,20215
detroit-pistons,2019,Sekou Doumbouya,31572
detroit-pistons,2019,Jordan McRae,15410
detroit-pistons,2019,Christian Wood,18218
detroit-pistons,2019,Bruce Brown,27008
detroit-pistons,2019,Sviatoslav Mykhailiuk,27013
detroit-pistons,2019,Khyri Thomas,27004
detroit-pistons,2019,Justin Patton,23611
golden-state-warriors,2019,Stephen Curry,6287
golden-state-warriors,2019,Klay Thompson,8062
golden-state-warriors,2019,Andrew Wiggins,15353
golden-state-warriors,2019,Draymond Green,10860
golden-state-warriors,2019,Kevon Looney,17858
golden-state-warriors,2019,Jordan Poole,31587
golden-state-warriors,2019,Eric Paschall,31600
golden-state-warriors,2019,Alen Smailagic,31598
golden-state-warriors,2019,Damion Lee,21063
golden-state-warriors,2019,Marquese Chriss,20213
golden-state-warriors,2019,Ky Bowman,32457
golden-state-warriors,2019,Juan Toscano-Anderson,32831
golden-state-warriors,2019,Mychal Mulder,32841
golden-state-warriors,2019,Dragan Bender,20209
houston-rockets,2019,Russell Westbrook,6141
houston-rockets,2019,James Harden,6312
houston-rockets,2019,Eric Gordon,6116
houston-rockets,2019,Robert Covington,13379
houston-rockets,2019,P.J. Tucker,11059
houston-rockets,2019,Danuel House,20800
houston-rockets,2019,Austin Rivers,10818
houston-rockets,2019,Ben McLemore,13320
houston-rockets,2019,Bruno Caboclo,15372
houston-rockets,2019,Tyson Chandler,2605
houston-rockets,2019,David Nwaba,21577
houston-rockets,2019,Chris Clemons,31983
houston-rockets,2019,DeMarre Carroll,6294
houston-rockets,2019,Jeff Green,2720
houston-rockets,2019,Luc Richard Mbah a Moute,6130
indiana-pacers,2019,Victor Oladipo,13315
indiana-pacers,2019,Malcolm Brogdon,20242
indiana-pacers,2019,Myles Turner,17839
indiana-pacers,2019,T.J. Warren,15366
indiana-pacers,2019,Jeremy Lamb,10820
indiana-pacers,2019,Doug McDermott,15363
indiana-pacers,2019,Justin Holiday,11441
indiana-pacers,2019,Domantas Sabonis,20216
indiana-pacers,2019,T.J. McConnell,18252
indiana-pacers,2019,Goga Bitadze,31575
indiana-pacers,2019,TJ Leaf,23613
indiana-pacers,2019,Aaron Holiday,26989
indiana-pacers,2019,Edmond Sumner,23653
indiana-pacers,2019,JaKarr Sampson,15838
indiana-pacers,2019,Alize Johnson,27016
los-angeles-clippers,2019,Paul George,6892
los-angeles-clippers,2019,Kawhi Leonard,8066
los-angeles-clippers,2019,Marcus Morris Sr.,8065
los-angeles-clippers,2019,Patrick Beverley,6297
los-angeles-clippers,2019,Louis Williams,2657
los-angeles-clippers,2019,Ivica Zubac,20238
los-angeles-clippers,2019,Montrezl Harrell,17860
los-angeles-clippers,2019,Rodney McGruder,13575
los-angeles-clippers,2019,JaMychal Green,11666
los-angeles-clippers,2019,Mfiondu Kabengele,31586
los-angeles-clippers,2019,Patrick Patterson,6896
los-angeles-clippers,2019,Terance Mann,31607
los-angeles-clippers,2019,Reggie Jackson,8075
los-angeles-clippers,2019,Joakim Noah,2248
los-angeles-clippers,2019,Amir Coffey,32198
los-angeles-lakers,2019,LeBron James,2257
los-angeles-lakers,2019,Anthony Davis,10809
los-angeles-lakers,2019,Danny Green,6277
los-angeles-lakers,2019,Kentavious Caldwell-Pope,13321
los-angeles-lakers,2019,JaVale McGee,6159
los-angeles-lakers,2019,Quinn Cook,18264
los-angeles-lakers,2019,Alex Caruso,21076
los-angeles-lakers,2019,Rajon Rondo,2222
los-angeles-lakers,2019,Kyle Kuzma,23622
los-angeles-lakers,2019,Markieff Morris,8064
los-angeles-lakers,2019,Jared Dudley,2228
los-angeles-lakers,2019,Dwight Howard,2640
los-angeles-lakers,2019,Talen Horton-Tucker,31605
los-angeles-lakers,2019,Dion Waiters,10812
los-angeles-lakers,2019,J.R. Smith,2296
memphis-grizzlies,2019,Gorgui Dieng,13334
memphis-grizzlies,2019,Jonas Valanciunas,8055
memphis-grizzlies,2019,Justise Winslow,17838
memphis-grizzlies,2019,Tyus Jones,17852
memphis-grizzlies,2019,Kyle Anderson,15382
memphis-grizzlies,2019,Ja Morant,31559
memphis-grizzlies,2019,Josh Jackson,23599
memphis-grizzlies,2019,Jaren Jackson Jr.,26970
memphis-grizzlies,2019,Marko Guduric,32684
memphis-grizzlies,2019,Brandon Clarke,31578
memphis-grizzlies,2019,Grayson Allen,26987
memphis-grizzlies,2019,Dillon Brooks,23646
memphis-grizzlies,2019,De'Anthony Melton,27012
memphis-grizzlies,2019,Jontay Porter,47359
memphis-grizzlies,2019,Anthony Tolliver,6483
miami-heat,2019,Jimmy Butler,8081
miami-heat,2019,Goran Dragic,6146
miami-heat,2019,Andre Iguodala,2652
miami-heat,2019,Solomon Hill,13336
miami-heat,2019,Kelly Olynyk,13326
miami-heat,2019,Meyers Leonard,10819
miami-heat,2019,Jae Crowder,10859
miami-heat,2019,Tyler Herro,31570
miami-heat,2019,Edrice Adebayo,23609
miami-heat,2019,Derrick Jones Jr.,21067
miami-heat,2019,Udonis Haslem,2549
miami-heat,2019,Kendrick Nunn,28041
miami-heat,2019,Duncan Robinson,27658
miami-heat,2019,KZ Okpala,31591
miami-heat,2019,Chris Silva,32319
milwaukee-bucks,2019,Khris Middleton,10864
milwaukee-bucks,2019,Giannis Antetokounmpo,13328
milwaukee-bucks,2019,Eric Bledsoe,6900
milwaukee-bucks,2019,Brook Lopez,6136
milwaukee-bucks,2019,George Hill,6154
milwaukee-bucks,2019,Ersan Ilyasova,6341
milwaukee-bucks,2019,Robin Lopez,6147
milwaukee-bucks,2019,DJ Wilson,23612
milwaukee-bucks,2019,Donte DiVincenzo,26983
milwaukee-bucks,2019,Wesley Matthews,6489
milwaukee-bucks,2019,Pat Connaughton,17869
milwaukee-bucks,2019,Kyle Korver,2752
milwaukee-bucks,2019,Sterling Brown,23647
milwaukee-bucks,2019,Thanasis Antetokounmpo,15403
milwaukee-bucks,2019,Marvin Williams,2208
minnesota-timberwolves,2019,D'Angelo Russell,17830
minnesota-timberwolves,2019,Karl-Anthony Towns,17829
minnesota-timberwolves,2019,Evan Turner,6883
minnesota-timberwolves,2019,James Johnson,6279
minnesota-timberwolves,2019,Jarrett Culver,31563
minnesota-timberwolves,2019,Jake Layman,20253
minnesota-timberwolves,2019,Juan Hernangomez,20220
minnesota-timberwolves,2019,Malik Beasley,20224
minnesota-timberwolves,2019,Josh Okogie,26986
minnesota-timberwolves,2019,Jacob Evans,26994
minnesota-timberwolves,2019,Omari Spellman,26996
minnesota-timberwolves,2019,Jarred Vanderbilt,27007
minnesota-timberwolves,2019,Jaylen Nowell,31602
minnesota-timberwolves,2019,Naz Reid,32045
minnesota-timberwolves,2019,Kelan Martin,32756
new-orleans-pelicans,2019,Jrue Holiday,6316
new-orleans-pelicans,2019,Derrick Favors,6884
new-orleans-pelicans,2019,J.J. Redick,2643
new-orleans-pelicans,2019,Zion Williamson,31558
new-orleans-pelicans,2019,Lonzo Ball,23597
new-orleans-pelicans,2019,E'Twaun Moore,8107
new-orleans-pelicans,2019,Brandon Ingram,20207
new-orleans-pelicans,2019,Darius Miller,10871
new-orleans-pelicans,2019,Jaxson Hayes,31565
new-orleans-pelicans,2019,Nicolo Melli,31886
new-orleans-pelicans,2019,Nickeil Alexander-Walker,31574
new-orleans-pelicans,2019,Josh Hart,23625
new-orleans-pelicans,2019,Jahlil Okafor,17831
new-orleans-pelicans,2019,Frank Jackson,23626
new-orleans-pelicans,2019,Kenrich Williams,27758
new-york-knicks,2019,Julius Randle,15359
new-york-knicks,2019,Bobby Portis,17850
new-york-knicks,2019,Maurice Harkless,10823
new-york-knicks,2019,Taj Gibson,6278
new-york-knicks,2019,Wayne Ellington,6302
new-york-knicks,2019,Elfrid Payton,15362
new-york-knicks,2019,R.J. Barrett,31560
new-york-knicks,2019,Frank Ntilikina,23603
new-york-knicks,2019,Dennis Smith Jr.,23604
new-york-knicks,2019,Kevin Knox,26975
new-york-knicks,2019,Reggie Bullock,13338
new-york-knicks,2019,Damyean Dotson,23645
new-york-knicks,2019,Mitchell Robinson,27002
new-york-knicks,2019,Theo Pinson,27827
new-york-knicks,2019,Ignas Brazdeikis,31606
oklahoma-city-thunder,2019,Chris Paul,2609
oklahoma-city-thunder,2019,Steven Adams,13325
oklahoma-city-thunder,2019,Danilo Gallinari,6138
oklahoma-city-thunder,2019,Dennis SchrÃ¶der,13330
oklahoma-city-thunder,2019,Andre Roberson,13339
oklahoma-city-thunder,2019,Shai Gilgeous-Alexander,26977
oklahoma-city-thunder,2019,Terrance Ferguson,23616
oklahoma-city-thunder,2019,Darius Bazley,31581
oklahoma-city-thunder,2019,Mike Muscala,13357
oklahoma-city-thunder,2019,Nerlens Noel,13319
oklahoma-city-thunder,2019,Abdel Nader,20264
oklahoma-city-thunder,2019,Isaiah Roby,31604
oklahoma-city-thunder,2019,Deonte Burton,28767
oklahoma-city-thunder,2019,Hamidou Diallo,27011
oklahoma-city-thunder,2019,Luguentz Dort,33033
orlando-magic,2019,Nikola Vucevic,8067
orlando-magic,2019,Aaron Gordon,15356
orlando-magic,2019,Evan Fournier,10845
orlando-magic,2019,Terrence Ross,10816
orlando-magic,2019,Markelle Fultz,23596
orlando-magic,2019,Al-Farouq Aminu,6890
orlando-magic,2019,D.J. Augustin,6088
orlando-magic,2019,Jonathan Isaac,23601
orlando-magic,2019,Mohamed Bamba,26972
orlando-magic,2019,Khem Birch,15786
orlando-magic,2019,James Ennis III,13363
orlando-magic,2019,Michael Carter-Williams,13324
orlando-magic,2019,Wesley Iwundu,23628
orlando-magic,2019,Melvin Frazier,27001
orlando-magic,2019,Gary Clark,27627
philadelphia-76ers,2019,Tobias Harris,8070
philadelphia-76ers,2019,Al Horford,2199
philadelphia-76ers,2019,Joel Embiid,15355
philadelphia-76ers,2019,Josh Richardson,17868
philadelphia-76ers,2019,Ben Simmons,20206
philadelphia-76ers,2019,Mike Scott,10868
philadelphia-76ers,2019,Zhaire Smith,26982
philadelphia-76ers,2019,Matisse Thybulle,31577
philadelphia-76ers,2019,Alec Burks,8063
philadelphia-76ers,2019,Kyle O'Quinn,10874
philadelphia-76ers,2019,Glenn Robinson III,15392
philadelphia-76ers,2019,Raul Neto,13360
philadelphia-76ers,2019,Furkan Korkmaz,20231
philadelphia-76ers,2019,Shake Milton,27020
philadelphia-76ers,2019,Norvel Pelle,27836
phoenix-suns,2019,Devin Booker,17841
phoenix-suns,2019,Ricky Rubio,6305
phoenix-suns,2019,Kelly Oubre Jr.,17843
phoenix-suns,2019,Deandre Ayton,26967
phoenix-suns,2019,Aron Baynes,11850
phoenix-suns,2019,Frank Kaminsky,17837
phoenix-suns,2019,Mikal Bridges,26976
phoenix-suns,2019,Cameron Johnson,31568
phoenix-suns,2019,Dario Saric,15364
phoenix-suns,2019,Ty Jerome,31582
phoenix-suns,2019,Cheick Diallo,20239
phoenix-suns,2019,Jevon Carter,26998
phoenix-suns,2019,Ã‰lie Okobo,26997
phoenix-suns,2019,Jalen Lecque,32057
phoenix-suns,2019,Cameron Payne,17842
portland-trail-blazers,2019,Damian Lillard,10814
portland-trail-blazers,2019,C.J. McCollum,13323
portland-trail-blazers,2019,Hassan Whiteside,6915
portland-trail-blazers,2019,Jusuf Nurkic,15368
portland-trail-blazers,2019,Trevor Ariza,2513
portland-trail-blazers,2019,Rodney Hood,15375
portland-trail-blazers,2019,Zach Collins,23605
portland-trail-blazers,2019,Anfernee Simons,26990
portland-trail-blazers,2019,Nassir Little,31583
portland-trail-blazers,2019,Caleb Swanigan,23621
portland-trail-blazers,2019,Mario Hezonja,17833
portland-trail-blazers,2019,Wenyen Gabriel,27806
portland-trail-blazers,2019,Gary Trent Jr.,27003
portland-trail-blazers,2019,Carmelo Anthony,2283
portland-trail-blazers,2019,Jaylen Adams,27343
sacramento-kings,2019,Harrison Barnes,10815
sacramento-kings,2019,Kent Bazemore,11079
sacramento-kings,2019,Cory Joseph,8080
sacramento-kings,2019,Marvin Bagley III,26968
sacramento-kings,2019,Bogdan Bogdanovic,15379
sacramento-kings,2019,Nemanja Bjelica,6917
sacramento-kings,2019,Jabari Parker,15354
sacramento-kings,2019,De'Aaron Fox,23600
sacramento-kings,2019,Buddy Hield,20211
sacramento-kings,2019,Richaun Holmes,17865
sacramento-kings,2019,Alex Len,13318
sacramento-kings,2019,Yogi Ferrell,20283
sacramento-kings,2019,Harry Giles,23615
sacramento-kings,2019,Justin James,31599
sacramento-kings,2019,Corey Brewer,2573
san-antonio-spurs,2019,DeMar DeRozan,6327
san-antonio-spurs,2019,LaMarcus Aldridge,2672
san-antonio-spurs,2019,Rudy Gay,2534
san-antonio-spurs,2019,Patrick Mills,6322
san-antonio-spurs,2019,Marco Belinelli,2314
san-antonio-spurs,2019,Trey Lyles,17840
san-antonio-spurs,2019,Jakob Poeltl,20214
san-antonio-spurs,2019,Bryn Forbes,20796
san-antonio-spurs,2019,Lonnie Walker IV,26984
san-antonio-spurs,2019,Luka Samanic,31576
san-antonio-spurs,2019,Dejounte Murray,20234
san-antonio-spurs,2019,Keldon Johnson,31588
san-antonio-spurs,2019,Derrick White,23624
san-antonio-spurs,2019,Chimezie Metu,27015
san-antonio-spurs,2019,Tyler Zeller,10825
toronto-raptors,2019,Kyle Lowry,2536
toronto-raptors,2019,Marc Gasol,6122
toronto-raptors,2019,Serge Ibaka,6313
toronto-raptors,2019,Norman Powell,17874
toronto-raptors,2019,Fred VanVleet,20778
toronto-raptors,2019,Patrick McCaw,20244
toronto-raptors,2019,Stanley Johnson,17836
toronto-raptors,2019,Rondae Hollis-Jefferson,17851
toronto-raptors,2019,Pascal Siakam,20232
toronto-raptors,2019,OG Anunoby,23618
toronto-raptors,2019,Chris Boucher,23671
toronto-raptors,2019,Malcolm Miller,18099
toronto-raptors,2019,Terence Davis,32059
toronto-raptors,2019,Dewan Hernandez,31618
toronto-raptors,2019,Matt Thomas,31891
utah-jazz,2019,Mike Conley,2532
utah-jazz,2019,Rudy Gobert,13340
utah-jazz,2019,Bojan Bogdanovic,8083
utah-jazz,2019,Jordan Clarkson,15398
utah-jazz,2019,Joe Ingles,15852
utah-jazz,2019,Ed Davis,6895
utah-jazz,2019,Donovan Mitchell,23608
utah-jazz,2019,Tony Bradley,23623
utah-jazz,2019,Georges Niang,20256
utah-jazz,2019,Emmanuel Mudiay,17835
utah-jazz,2019,Royce O'Neale,24240
utah-jazz,2019,Nigel Williams-Goss,23656
utah-jazz,2019,Miye Oni,31617
utah-jazz,2019,Juwan Morgan,32678
utah-jazz,2019,Rayjon Tucker,32785
washington-wizards,2019,John Wall,6882
washington-wizards,2019,Ian Mahinmi,2708
washington-wizards,2019,Thomas Bryant,23643
washington-wizards,2019,Ishmael Smith,7116
washington-wizards,2019,Rui Hachimura,31566
washington-wizards,2019,Jerome Robinson,26979
washington-wizards,2019,Troy Brown Jr.,26981
washington-wizards,2019,Moritz Wagner,26991
washington-wizards,2019,Shabazz Napier,15376
washington-wizards,2019,Isaac Bonga,27005
washington-wizards,2019,Gary Payton II,20272
washington-wizards,2019,Admiral Schofield,31601
washington-wizards,2019,Anzejs Pasecniks,23620
washington-wizards,2019,Jerian Grant,17847
washington-wizards,2019,Jarrod Uthoff,20896
atlanta-hawks,2020,Danilo Gallinari,6138
atlanta-hawks,2020,Bogdan Bogdanovic,15379
atlanta-hawks,2020,Clint Capela,15377
atlanta-hawks,2020,Tony Snell,13333
atlanta-hawks,2020,Rajon Rondo,2222
atlanta-hawks,2020,De'Andre Hunter,31561
atlanta-hawks,2020,Trae Young,26971
atlanta-hawks,2020,Onyeka Okongwu,70648
atlanta-hawks,2020,Kris Dunn,20210
atlanta-hawks,2020,Cam Reddish,31567
atlanta-hawks,2020,John Collins,23614
atlanta-hawks,2020,Kevin Huerter,26985
atlanta-hawks,2020,Brandon Goodwin,28020
atlanta-hawks,2020,Solomon Hill,13336
atlanta-hawks,2020,Bruno Fernando,31593
boston-celtics,2020,Kemba Walker,8059
boston-celtics,2020,Jaylen Brown,20208
boston-celtics,2020,Marcus Smart,15358
boston-celtics,2020,Jayson Tatum,23598
boston-celtics,2020,Tristan Thompson,8054
boston-celtics,2020,Daniel Theis,23828
boston-celtics,2020,Romeo Langford,31571
boston-celtics,2020,Aaron Nesmith,70656
boston-celtics,2020,Grant Williams,31579
boston-celtics,2020,Payton Pritchard,70668
boston-celtics,2020,Robert Williams,26993
boston-celtics,2020,Semi Ojeleye,23632
boston-celtics,2020,Jeff Teague,6272
boston-celtics,2020,Carsen Edwards,31592
boston-celtics,2020,Javonte Green,32409
brooklyn-nets,2020,James Harden,6312
brooklyn-nets,2020,Kevin Durant,2717
brooklyn-nets,2020,Kyrie Irving,8051
brooklyn-nets,2020,Joe Harris,15385
brooklyn-nets,2020,Spencer Dinwiddie,15390
brooklyn-nets,2020,DeAndre Jordan,6117
brooklyn-nets,2020,Landry Shamet,26992
brooklyn-nets,2020,Timothe Luwawu-Cabarrot,20229
brooklyn-nets,2020,Bruce Brown,27008
brooklyn-nets,2020,Jeff Green,2720
brooklyn-nets,2020,Tyler Johnson,15645
brooklyn-nets,2020,Nicolas Claxton,31590
brooklyn-nets,2020,Iman Shumpert,8068
brooklyn-nets,2020,Noah Vonleh,15361
brooklyn-nets,2020,Andre Roberson,13339
charlotte-hornets,2020,Gordon Hayward,6891
charlotte-hornets,2020,Terry Rozier,17844
charlotte-hornets,2020,Cody Zeller,13317
charlotte-hornets,2020,LaMelo Ball,70645
charlotte-hornets,2020,Malik Monk,23606
charlotte-hornets,2020,PJ Washington,31569
charlotte-hornets,2020,Miles Bridges,26978
charlotte-hornets,2020,Bismack Biyombo,8057
charlotte-hornets,2020,Devonte' Graham,27000
charlotte-hornets,2020,Cody Martin,31595
charlotte-hornets,2020,Caleb Martin,32682
charlotte-hornets,2020,Jalen McDaniels,31611
charlotte-hornets,2020,Vernon Carey Jr.,70674
charlotte-hornets,2020,Nick Richards,70684
charlotte-hornets,2020,Nate Darling,70703
chicago-bulls,2020,Otto Porter Jr.,13316
chicago-bulls,2020,Zach LaVine,15365
chicago-bulls,2020,Thaddeus Young,2658
chicago-bulls,2020,Tomas Satoransky,10857
chicago-bulls,2020,Cristiano Felicio,17990
chicago-bulls,2020,Patrick Williams,70646
chicago-bulls,2020,Lauri Markkanen,23602
chicago-bulls,2020,Coby White,31564
chicago-bulls,2020,Wendell Carter Jr.,26973
chicago-bulls,2020,Garrett Temple,6492
chicago-bulls,2020,Denzel Valentine,20219
chicago-bulls,2020,Ryan Arcidiacono,20275
chicago-bulls,2020,Chandler Hutchison,26988
chicago-bulls,2020,Luke Kornet,23670
chicago-bulls,2020,Daniel Gafford,31597
cleveland-cavaliers,2020,Kevin Love,6132
cleveland-cavaliers,2020,Andre Drummond,10817
cleveland-cavaliers,2020,Taurean Prince,20217
cleveland-cavaliers,2020,Larry Nance Jr.,17855
cleveland-cavaliers,2020,Cedi Osman,17859
cleveland-cavaliers,2020,Darius Garland,31562
cleveland-cavaliers,2020,Isaac Okoro,70647
cleveland-cavaliers,2020,Collin Sexton,26974
cleveland-cavaliers,2020,JaVale McGee,6159
cleveland-cavaliers,2020,Jarrett Allen,23617
cleveland-cavaliers,2020,Dylan Windler,31585
cleveland-cavaliers,2020,Damyean Dotson,23645
cleveland-cavaliers,2020,Matthew Dellavedova,13478
cleveland-cavaliers,2020,Dean Wade,31963
cleveland-cavaliers,2020,Marques Bolden,32818
dallas-mavericks,2020,Kristaps Porzingis,17832
dallas-mavericks,2020,Tim Hardaway Jr.,13337
dallas-mavericks,2020,James Johnson,6279
dallas-mavericks,2020,Dwight Powell,15397
dallas-mavericks,2020,Josh Richardson,17868
dallas-mavericks,2020,Maxi Kleber,24212
dallas-mavericks,2020,Luka Doncic,26969
dallas-mavericks,2020,Willie Cauley-Stein,17834
dallas-mavericks,2020,Dorian Finney-Smith,20757
dallas-mavericks,2020,Boban Marjanovic,17984
dallas-mavericks,2020,Trey Burke,13322
dallas-mavericks,2020,Josh Green,70660
dallas-mavericks,2020,Wesley Iwundu,23628
dallas-mavericks,2020,Jalen Brunson,26999
dallas-mavericks,2020,Tyrell Terry,70673
denver-nuggets,2020,Nikola Jokic,15393
denver-nuggets,2020,Jamal Murray,20212
denver-nuggets,2020,Gary Harris,15371
denver-nuggets,2020,Will Barton,10865
denver-nuggets,2020,Paul Millsap,2754
denver-nuggets,2020,JaMychal Green,11666
denver-nuggets,2020,Michael Porter Jr.,26980
denver-nuggets,2020,Facundo Campazzo,70736
denver-nuggets,2020,Zeke Nnaji,70664
denver-nuggets,2020,RJ Hampton,70666
denver-nuggets,2020,Bol Bol,31603
denver-nuggets,2020,P.J. Dozier,23668
denver-nuggets,2020,Monte Morris,23652
denver-nuggets,2020,Isaiah Hartenstein,23644
denver-nuggets,2020,Vlatko Cancar,23650
detroit-pistons,2020,Blake Griffin,6501
detroit-pistons,2020,Jerami Grant,15391
detroit-pistons,2020,Delon Wright,17848
detroit-pistons,2020,Mason Plumlee,13335
detroit-pistons,2020,Dennis Smith Jr.,23604
detroit-pistons,2020,Killian Hayes,70649
detroit-pistons,2020,Rodney McGruder,13575
detroit-pistons,2020,Josh Jackson,23599
detroit-pistons,2020,Sekou Doumbouya,31572
detroit-pistons,2020,Isaiah Stewart,70658
detroit-pistons,2020,Saddiq Bey,70661
detroit-pistons,2020,Jahlil Okafor,17831
detroit-pistons,2020,Sviatoslav Mykhailiuk,27013
detroit-pistons,2020,Wayne Ellington,6302
detroit-pistons,2020,Deividas Sirvydis,31596
golden-state-warriors,2020,Stephen Curry,6287
golden-state-warriors,2020,Klay Thompson,8062
golden-state-warriors,2020,Andrew Wiggins,15353
golden-state-warriors,2020,Draymond Green,10860
golden-state-warriors,2020,Kelly Oubre Jr.,17843
golden-state-warriors,2020,James Wiseman,70644
golden-state-warriors,2020,Kevon Looney,17858
golden-state-warriors,2020,Brad Wanamaker,27289
golden-state-warriors,2020,Jordan Poole,31587
golden-state-warriors,2020,Marquese Chriss,20213
golden-state-warriors,2020,Damion Lee,21063
golden-state-warriors,2020,Kent Bazemore,11079
golden-state-warriors,2020,Mychal Mulder,32841
golden-state-warriors,2020,Eric Paschall,31600
golden-state-warriors,2020,Alen Smailagic,31598
houston-rockets,2020,John Wall,6882
houston-rockets,2020,Victor Oladipo,13315
houston-rockets,2020,Eric Gordon,6116
houston-rockets,2020,Christian Wood,18218
houston-rockets,2020,Dante Exum,15357
houston-rockets,2020,P.J. Tucker,11059
houston-rockets,2020,Danuel House,20800
houston-rockets,2020,Ben McLemore,13320
houston-rockets,2020,David Nwaba,21577
houston-rockets,2020,Rodions Kurucs,27006
houston-rockets,2020,Kevin Porter Jr.,31589
houston-rockets,2020,DeMarcus Cousins,6886
houston-rockets,2020,Sterling Brown,23647
houston-rockets,2020,Jaeâ€™Sean Tate,70758
houston-rockets,2020,Kenyon Martin Jr.,70694
indiana-pacers,2020,Malcolm Brogdon,20242
indiana-pacers,2020,Domantas Sabonis,20216
indiana-pacers,2020,Myles Turner,17839
indiana-pacers,2020,Caris LeVert,20225
indiana-pacers,2020,T.J. Warren,15366
indiana-pacers,2020,Jeremy Lamb,10820
indiana-pacers,2020,Doug McDermott,15363
indiana-pacers,2020,Justin Holiday,11441
indiana-pacers,2020,T.J. McConnell,18252
indiana-pacers,2020,Goga Bitadze,31575
indiana-pacers,2020,Aaron Holiday,26989
indiana-pacers,2020,Edmond Sumner,23653
indiana-pacers,2020,JaKarr Sampson,15838
indiana-pacers,2020,Jalen Lecque,32057
indiana-pacers,2020,Kelan Martin,32756
los-angeles-clippers,2020,Paul George,6892
los-angeles-clippers,2020,Kawhi Leonard,8066
los-angeles-clippers,2020,Marcus Morris Sr.,8065
los-angeles-clippers,2020,Patrick Beverley,6297
los-angeles-clippers,2020,Serge Ibaka,6313
los-angeles-clippers,2020,Louis Williams,2657
los-angeles-clippers,2020,Ivica Zubac,20238
los-angeles-clippers,2020,Luke Kennard,23607
los-angeles-clippers,2020,Patrick Patterson,6896
los-angeles-clippers,2020,Mfiondu Kabengele,31586
los-angeles-clippers,2020,Nicolas Batum,6149
los-angeles-clippers,2020,Reggie Jackson,8075
los-angeles-clippers,2020,Terance Mann,31607
los-angeles-clippers,2020,Daniel Oturu,70675
los-angeles-clippers,2020,Amir Coffey,32198
los-angeles-lakers,2020,LeBron James,2257
los-angeles-lakers,2020,Anthony Davis,10809
los-angeles-lakers,2020,Dennis SchrÃ¶der,13330
los-angeles-lakers,2020,Kentavious Caldwell-Pope,13321
los-angeles-lakers,2020,Montrezl Harrell,17860
los-angeles-lakers,2020,Wesley Matthews,6489
los-angeles-lakers,2020,Kyle Kuzma,23622
los-angeles-lakers,2020,Alex Caruso,21076
los-angeles-lakers,2020,Marc Gasol,6122
los-angeles-lakers,2020,Alfonzo McKinnie,24106
los-angeles-lakers,2020,Jared Dudley,2228
los-angeles-lakers,2020,Markieff Morris,8064
los-angeles-lakers,2020,Quinn Cook,18264
los-angeles-lakers,2020,Talen Horton-Tucker,31605
los-angeles-lakers,2020,Kostas Antetokounmpo,27026
memphis-grizzlies,2020,Dillon Brooks,23646
memphis-grizzlies,2020,De'Anthony Melton,27012
memphis-grizzlies,2020,Kyle Anderson,15382
memphis-grizzlies,2020,Ja Morant,31559
memphis-grizzlies,2020,Gorgui Dieng,13334
memphis-grizzlies,2020,Jonas Valanciunas,8055
memphis-grizzlies,2020,Justise Winslow,17838
memphis-grizzlies,2020,Tyus Jones,17852
memphis-grizzlies,2020,Jaren Jackson Jr.,26970
memphis-grizzlies,2020,Brandon Clarke,31578
memphis-grizzlies,2020,Grayson Allen,26987
memphis-grizzlies,2020,John Konchar,32170
memphis-grizzlies,2020,Desmond Bane,70672
memphis-grizzlies,2020,Jontay Porter,47359
memphis-grizzlies,2020,Xavier Tillman,70677
miami-heat,2020,Jimmy Butler,8081
miami-heat,2020,Goran Dragic,6146
miami-heat,2020,Andre Iguodala,2652
miami-heat,2020,Kelly Olynyk,13326
miami-heat,2020,Meyers Leonard,10819
miami-heat,2020,Avery Bradley,6901
miami-heat,2020,Edrice Adebayo,23609
miami-heat,2020,Tyler Herro,31570
miami-heat,2020,Maurice Harkless,10823
miami-heat,2020,Precious Achiuwa,70662
miami-heat,2020,Kendrick Nunn,28041
miami-heat,2020,Duncan Robinson,27658
miami-heat,2020,Udonis Haslem,2549
miami-heat,2020,KZ Okpala,31591
miami-heat,2020,Chris Silva,32319
milwaukee-bucks,2020,Khris Middleton,10864
milwaukee-bucks,2020,Giannis Antetokounmpo,13328
milwaukee-bucks,2020,Jrue Holiday,6316
milwaukee-bucks,2020,Brook Lopez,6136
milwaukee-bucks,2020,D.J. Augustin,6088
milwaukee-bucks,2020,Pat Connaughton,17869
milwaukee-bucks,2020,DJ Wilson,23612
milwaukee-bucks,2020,Bobby Portis,17850
milwaukee-bucks,2020,Donte DiVincenzo,26983
milwaukee-bucks,2020,Bryn Forbes,20796
milwaukee-bucks,2020,Thanasis Antetokounmpo,15403
milwaukee-bucks,2020,Torrey Craig,24230
milwaukee-bucks,2020,Sam Merrill,70702
milwaukee-bucks,2020,Jordan Nwora,70687
milwaukee-bucks,2020,Jaylen Adams,27343
minnesota-timberwolves,2020,Karl-Anthony Towns,17829
minnesota-timberwolves,2020,D'Angelo Russell,17830
minnesota-timberwolves,2020,Ricky Rubio,6305
minnesota-timberwolves,2020,Malik Beasley,20224
minnesota-timberwolves,2020,Anthony Edwards,70643
minnesota-timberwolves,2020,Juan Hernangomez,20220
minnesota-timberwolves,2020,Jarrett Culver,31563
minnesota-timberwolves,2020,Ed Davis,6895
minnesota-timberwolves,2020,Jake Layman,20253
minnesota-timberwolves,2020,Josh Okogie,26986
minnesota-timberwolves,2020,Jaden McDaniels,70670
minnesota-timberwolves,2020,Jarred Vanderbilt,27007
minnesota-timberwolves,2020,Jaylen Nowell,31602
minnesota-timberwolves,2020,Naz Reid,32045
minnesota-timberwolves,2020,Jordan McLaughlin,27975
new-orleans-pelicans,2020,Steven Adams,13325
new-orleans-pelicans,2020,Brandon Ingram,20207
new-orleans-pelicans,2020,Eric Bledsoe,6900
new-orleans-pelicans,2020,J.J. Redick,2643
new-orleans-pelicans,2020,Lonzo Ball,23597
new-orleans-pelicans,2020,Zion Williamson,31558
new-orleans-pelicans,2020,Jaxson Hayes,31565
new-orleans-pelicans,2020,Nicolo Melli,31886
new-orleans-pelicans,2020,Kira Lewis Jr.,70655
new-orleans-pelicans,2020,Josh Hart,23625
new-orleans-pelicans,2020,Nickeil Alexander-Walker,31574
new-orleans-pelicans,2020,Willy Hernangomez,17863
new-orleans-pelicans,2020,Sindarius Thornwell,23649
new-orleans-pelicans,2020,Wenyen Gabriel,27806
new-orleans-pelicans,2020,Naji Marshall,70704
new-york-knicks,2020,Julius Randle,15359
new-york-knicks,2020,R.J. Barrett,31560
new-york-knicks,2020,Derrick Rose,6095
new-york-knicks,2020,Frank Ntilikina,23603
new-york-knicks,2020,Alec Burks,8063
new-york-knicks,2020,Nerlens Noel,13319
new-york-knicks,2020,Obi Toppin,70650
new-york-knicks,2020,Elfrid Payton,15362
new-york-knicks,2020,Kevin Knox,26975
new-york-knicks,2020,Reggie Bullock,13338
new-york-knicks,2020,Austin Rivers,10818
new-york-knicks,2020,Immanuel Quickley,70667
new-york-knicks,2020,Mitchell Robinson,27002
new-york-knicks,2020,Ignas Brazdeikis,31606
new-york-knicks,2020,Taj Gibson,6278
oklahoma-city-thunder,2020,Al Horford,2199
oklahoma-city-thunder,2020,Trevor Ariza,2513
oklahoma-city-thunder,2020,George Hill,6154
oklahoma-city-thunder,2020,Darius Miller,10871
oklahoma-city-thunder,2020,Justin Jackson,23610
oklahoma-city-thunder,2020,Shai Gilgeous-Alexander,26977
oklahoma-city-thunder,2020,Aleksej Pokusevski,70659
oklahoma-city-thunder,2020,Darius Bazley,31581
oklahoma-city-thunder,2020,Ty Jerome,31582
oklahoma-city-thunder,2020,Mike Muscala,13357
oklahoma-city-thunder,2020,Theo Maledon,70676
oklahoma-city-thunder,2020,Kenrich Williams,27758
oklahoma-city-thunder,2020,Hamidou Diallo,27011
oklahoma-city-thunder,2020,Luguentz Dort,33033
oklahoma-city-thunder,2020,Isaiah Roby,31604
orlando-magic,2020,Nikola Vucevic,8067
orlando-magic,2020,Aaron Gordon,15356
orlando-magic,2020,Evan Fournier,10845
orlando-magic,2020,Terrence Ross,10816
orlando-magic,2020,Markelle Fultz,23596
orlando-magic,2020,Al-Farouq Aminu,6890
orlando-magic,2020,Jonathan Isaac,23601
orlando-magic,2020,Mohamed Bamba,26972
orlando-magic,2020,Michael Carter-Williams,13324
orlando-magic,2020,James Ennis III,13363
orlando-magic,2020,Cole Anthony,70657
orlando-magic,2020,Chuma Okeke,31573
orlando-magic,2020,Khem Birch,15786
orlando-magic,2020,Gary Clark,27627
orlando-magic,2020,Dwayne Bacon,23640
philadelphia-76ers,2020,Tobias Harris,8070
philadelphia-76ers,2020,Ben Simmons,20206
philadelphia-76ers,2020,Joel Embiid,15355
philadelphia-76ers,2020,Danny Green,6277
philadelphia-76ers,2020,Seth Curry,13512
philadelphia-76ers,2020,Mike Scott,10868
philadelphia-76ers,2020,Terrance Ferguson,23616
philadelphia-76ers,2020,Tony Bradley,23623
philadelphia-76ers,2020,Matisse Thybulle,31577
philadelphia-76ers,2020,Vincent Poirier,31917
philadelphia-76ers,2020,Tyrese Maxey,70663
philadelphia-76ers,2020,Furkan Korkmaz,20231
philadelphia-76ers,2020,Shake Milton,27020
philadelphia-76ers,2020,Dwight Howard,2640
philadelphia-76ers,2020,Isaiah Joe,70691
phoenix-suns,2020,Chris Paul,2609
phoenix-suns,2020,Devin Booker,17841
phoenix-suns,2020,Deandre Ayton,26967
phoenix-suns,2020,Jae Crowder,10859
phoenix-suns,2020,Dario Saric,15364
phoenix-suns,2020,Mikal Bridges,26976
phoenix-suns,2020,Jalen Smith,70652
phoenix-suns,2020,Cameron Johnson,31568
phoenix-suns,2020,Jevon Carter,26998
phoenix-suns,2020,Cameron Payne,17842
phoenix-suns,2020,Abdel Nader,20264
phoenix-suns,2020,Damian Jones,20235
phoenix-suns,2020,E'Twaun Moore,8107
phoenix-suns,2020,Langston Galloway,15824
phoenix-suns,2020,Frank Kaminsky,17837
portland-trail-blazers,2020,Damian Lillard,10814
portland-trail-blazers,2020,C.J. McCollum,13323
portland-trail-blazers,2020,Jusuf Nurkic,15368
portland-trail-blazers,2020,Robert Covington,13379
portland-trail-blazers,2020,Rodney Hood,15375
portland-trail-blazers,2020,Derrick Jones Jr.,21067
portland-trail-blazers,2020,Zach Collins,23605
portland-trail-blazers,2020,Enes Kanter,8053
portland-trail-blazers,2020,Anfernee Simons,26990
portland-trail-blazers,2020,Nassir Little,31583
portland-trail-blazers,2020,Gary Trent Jr.,27003
portland-trail-blazers,2020,Carmelo Anthony,2283
portland-trail-blazers,2020,Harry Giles,23615
portland-trail-blazers,2020,CJ Elleby,70688
portland-trail-blazers,2020,Keljin Blevins,32992
sacramento-kings,2020,Buddy Hield,20211
sacramento-kings,2020,Harrison Barnes,10815
sacramento-kings,2020,Cory Joseph,8080
sacramento-kings,2020,Marvin Bagley III,26968
sacramento-kings,2020,De'Aaron Fox,23600
sacramento-kings,2020,Nemanja Bjelica,6917
sacramento-kings,2020,Jabari Parker,15354
sacramento-kings,2020,Richaun Holmes,17865
sacramento-kings,2020,Tyrese Haliburton,70654
sacramento-kings,2020,Hassan Whiteside,6915
sacramento-kings,2020,Glenn Robinson III,15392
sacramento-kings,2020,Justin James,31599
sacramento-kings,2020,Robert Woodard II,70682
sacramento-kings,2020,DaQuan Jeffries,32680
sacramento-kings,2020,Jahmi'us Ramsey,70685
san-antonio-spurs,2020,DeMar DeRozan,6327
san-antonio-spurs,2020,LaMarcus Aldridge,2672
san-antonio-spurs,2020,Rudy Gay,2534
san-antonio-spurs,2020,Dejounte Murray,20234
san-antonio-spurs,2020,Patrick Mills,6322
san-antonio-spurs,2020,Jakob Poeltl,20214
san-antonio-spurs,2020,Trey Lyles,17840
san-antonio-spurs,2020,Devin Vassell,70653
san-antonio-spurs,2020,Derrick White,23624
san-antonio-spurs,2020,Lonnie Walker IV,26984
san-antonio-spurs,2020,Luka Samanic,31576
san-antonio-spurs,2020,Keldon Johnson,31588
san-antonio-spurs,2020,Drew Eubanks,28052
san-antonio-spurs,2020,Tre Jones,70683
san-antonio-spurs,2020,Keita Bates-Diop,27014
toronto-raptors,2020,Pascal Siakam,20232
toronto-raptors,2020,Kyle Lowry,2536
toronto-raptors,2020,Fred VanVleet,20778
toronto-raptors,2020,Norman Powell,17874
toronto-raptors,2020,Aron Baynes,11850
toronto-raptors,2020,Chris Boucher,23671
toronto-raptors,2020,Patrick McCaw,20244
toronto-raptors,2020,OG Anunoby,23618
toronto-raptors,2020,Stanley Johnson,17836
toronto-raptors,2020,Malachi Flynn,70671
toronto-raptors,2020,DeAndre' Bembry,20226
toronto-raptors,2020,Terence Davis,32059
toronto-raptors,2020,Matt Thomas,31891
toronto-raptors,2020,Paul Watson,28089
toronto-raptors,2020,Jalen Harris,70701
utah-jazz,2020,Mike Conley,2532
utah-jazz,2020,Rudy Gobert,13340
utah-jazz,2020,Bojan Bogdanovic,8083
utah-jazz,2020,Jordan Clarkson,15398
utah-jazz,2020,Joe Ingles,15852
utah-jazz,2020,Derrick Favors,6884
utah-jazz,2020,Royce O'Neale,24240
utah-jazz,2020,Donovan Mitchell,23608
utah-jazz,2020,Udoka Azubuike,70669
utah-jazz,2020,Georges Niang,20256
utah-jazz,2020,Shaquille Harrison,21066
utah-jazz,2020,Juwan Morgan,32678
utah-jazz,2020,Miye Oni,31617
utah-jazz,2020,Elijah Hughes,70681
utah-jazz,2020,Jarrell Brantley,31609
washington-wizards,2020,Russell Westbrook,6141
washington-wizards,2020,Bradley Beal,10811
washington-wizards,2020,Davis Bertans,8094
washington-wizards,2020,Thomas Bryant,23643
washington-wizards,2020,Robin Lopez,6147
washington-wizards,2020,Ishmael Smith,7116
washington-wizards,2020,Rui Hachimura,31566
washington-wizards,2020,Deni Avdija,70651
washington-wizards,2020,Jerome Robinson,26979
washington-wizards,2020,Troy Brown Jr.,26981
washington-wizards,2020,Moritz Wagner,26991
washington-wizards,2020,Isaac Bonga,27005
washington-wizards,2020,Raul Neto,13360
washington-wizards,2020,Alex Len,13318
washington-wizards,2020,Anthony Gill,70741
